{"analytics": 4.8904900635465705, "junior": 3.1070714125413645, "overall": 23.849699352284624, "python": 4.214685178348596, "sql": 4.163718260119916}